{"cameraMode":{"drawMode":0,"name":"Shaded","section":"Shading Mode"},"sceneLighting":true,"audioPlay":false,"sceneViewState":{"showFog":true,"showMaterialUpdate":false,"showSkybox":true,"showFlares":true,"showImageEffects":true,"showParticleSystems":true},"in2DMode":false,"pivot":{"x":4.164998531341553,"y":-22.282981872558595,"z":-1.9792821407318116},"rotation":{"x":-0.6831427812576294,"y":-0.16565845906734467,"z":0.16349151730537415,"w":-0.6922051310539246},"size":30.865436553955079,"orthographic":false}